{
  "project_info": {
    "project_number": "140486238512",
    "firebase_url": "https://new002-19319.firebaseio.com",
    "project_id": "new002-19319",
    "storage_bucket": "new002-19319.firebasestorage.app"
  },
  "client": [
    {
      "client_info": {
        "mobilesdk_app_id": "1:140486238512:android:07611362af629f8c5c68f5",
        "android_client_info": {
          "package_name": "com.cookandroid.final_exam"
        }
      },
      "oauth_client": [],
      "api_key": [
        {
          "current_key": "AIzaSyBgcnGdfRpFASh3pzghN_pQ-uKRCV2kMW8"
        }
      ],
      "services": {
        "appinvite_service": {
          "other_platform_oauth_client": []
        }
      }
    }
  ],
  "configuration_version": "1"
}